customer_unique_id,customer_city,customer_state,order_id,order_purchase_timestamp,order_approved_at,order_delivered_carrier_date,order_delivered_customer_date,order_estimated_delivery_date,product_id,product_category_name,price,freight_value,seller_id,payment_type,payment_installments,payment_value,review_score,review_creation_date,review_answer_timestamp,order_seq
0000366f3b9a7992bf8c76cfdf3221e2,cajamar,SP,e22acc9c116caa3f2b7121bbb380d08e,2018-05-10 10:56:27+00:00,2018-05-10 11:11:18 UTC,2018-05-12 08:18:00 UTC,2018-05-16 20:48:37+00:00,2018-05-21 00:00:00+00:00,372645c7439f9661fbbacfd129aa92ec,bed_bath_table,129.9,12,da8622b14eb17ae2831f4ac5b9dab84a,credit_card,8,141.9,5,2018-05-17 00:00:00 UTC,2018-05-21 13:44:48 UTC,1
0000b849f77a49e4a4ce2b2a4ca5be3f,osasco,SP,3594e05a005ac4d06a72673270ef9ec9,2018-05-07 11:11:27+00:00,2018-05-07 18:25:44 UTC,2018-05-09 12:18:00 UTC,2018-05-10 18:02:42+00:00,2018-05-15 00:00:00+00:00,5099f7000472b634fea8304448d20825,health_beauty,18.9,8.29,138dbe45fc62f1e244378131a6801526,credit_card,1,27.19,4,2018-05-11 00:00:00 UTC,2018-05-11 22:29:25 UTC,1
0000f46a3911fa3c0805444483337064,sao jose,SC,b33ec3b699337181488304f362a6b734,2017-03-10 21:05:03+00:00,2017-03-10 21:05:03 UTC,2017-03-13 12:58:30 UTC,2017-04-05 14:38:47+00:00,2017-04-07 00:00:00+00:00,64b488de448a5324c4134ea39c28a34b,stationery,69,17.22,3d871de0142ce09b7081e2b9d1733cb1,credit_card,8,86.22,3,2017-04-06 00:00:00 UTC,2017-04-07 01:19:44 UTC,1
0000f6ccb0745a6a4b88665a16c9f078,belem,PA,41272756ecddd9a9ed0180413cc22fb6,2017-10-12 20:29:41+00:00,2017-10-12 20:49:17 UTC,2017-10-13 20:08:19 UTC,2017-11-01 21:23:05+00:00,2017-11-13 00:00:00+00:00,2345a354a6f2033609bbf62bf5be9ef6,telephony,25.99,17.63,ef506c96320abeedfb894c34db06f478,credit_card,4,43.62,4,2017-11-02 00:00:00 UTC,2017-11-03 00:17:51 UTC,1
0004aac84e0df4da2b147fca70cf8255,sorocaba,SP,d957021f1127559cd947b62533f484f7,2017-11-14 19:45:42+00:00,2017-11-14 20:06:52 UTC,2017-11-16 19:52:10 UTC,2017-11-27 23:08:56+00:00,2017-12-05 00:00:00+00:00,c72e18b3fe2739b8d24ebf3102450f37,telephony,180,16.89,70a12e78e608ac31179aea7f8422044b,credit_card,6,196.89,5,2017-11-28 00:00:00 UTC,2017-12-02 22:29:35 UTC,1
0004bd2a26a76fe21f786e4fbd80607f,sao paulo,SP,3e470077b690ea3e3d501cffb5e0c499,2018-04-05 19:33:16+00:00,2018-04-05 19:48:59 UTC,2018-04-07 00:38:52 UTC,2018-04-07 16:12:43+00:00,2018-04-19 00:00:00+00:00,25cf184645f3fae66083bf33581b8f13,garden_tools,154,12.98,ff063b022a9a0aab91bad2c9088760b7,credit_card,8,166.98,4,2018-04-08 00:00:00 UTC,2018-04-10 20:13:32 UTC,1
00050ab1314c0e55a6ca13cf7181fecf,campinas,SP,d0028facea13f508e880202d7097a5a1,2018-04-20 12:57:23+00:00,2018-04-25 03:51:13 UTC,2018-04-25 15:25:00 UTC,2018-04-27 12:08:59+00:00,2018-05-09 00:00:00+00:00,8cefe1c6f2304e7e6825150218ffc58c,telephony,27.99,7.39,ea8482cd71df3c1969d7b9473ff13abc,boleto,1,35.38,4,2018-04-28 00:00:00 UTC,2018-05-01 20:41:51 UTC,1
00053a61a98854899e70ed204dd4bafe,curitiba,PR,44e608f2db00c74a1fe329de44416a4e,2018-02-28 11:15:41+00:00,2018-02-28 11:32:42 UTC,2018-03-01 20:09:30 UTC,2018-03-16 19:02:51+00:00,2018-03-26 00:00:00+00:00,58727e154e8e85d84052cd22b0136c84,sports_leisure,191,18.59,218d46b86c1881d022bce9c68a7d4b15,credit_card,3,419.18,1,2018-03-17 00:00:00 UTC,2018-03-17 23:22:53 UTC,1
00053a61a98854899e70ed204dd4bafe,curitiba,PR,44e608f2db00c74a1fe329de44416a4e,2018-02-28 11:15:41+00:00,2018-02-28 11:32:42 UTC,2018-03-01 20:09:30 UTC,2018-03-16 19:02:51+00:00,2018-03-26 00:00:00+00:00,62984ea1bba7fcea1f5b57084d3bf885,sports_leisure,191,18.59,218d46b86c1881d022bce9c68a7d4b15,credit_card,3,419.18,1,2018-03-17 00:00:00 UTC,2018-03-17 23:22:53 UTC,1
0005e1862207bf6ccc02e4228effd9a0,teresopolis,RJ,ae76bef74b97bcb0b3e355e60d9a6f9c,2017-03-04 23:32:12+00:00,2017-03-04 23:43:26 UTC,2017-03-06 05:14:07 UTC,2017-03-09 08:33:08+00:00,2017-04-06 00:00:00+00:00,e24f73b7631ee3fbb2ab700a9acaa258,fashion_bags_accessories,135,15.12,0cbcee27c791afa0cdcb08587a2013a8,credit_card,3,150.12,4,2017-03-10 00:00:00 UTC,2017-03-16 03:45:59 UTC,1
0005ef4cd20d2893f0d9fbd94d3c0d97,sao luis,MA,01b330808c5819a6a3cb79b72f0b8288,2018-03-12 15:22:12+00:00,2018-03-12 15:38:46 UTC,2018-03-13 16:07:27 UTC,2018-05-05 12:38:38+00:00,2018-04-04 00:00:00+00:00,4fb3e6ce442ce9c621ea9509e47ac951,sports_leisure,104.9,24.86,3c03b12bab54d8b37d79d914bfdb1aa0,credit_card,4,129.76,1,2018-04-06 00:00:00 UTC,2018-04-06 20:54:22 UTC,1
0006fdc98a402fceb4eb0ee528f6a8d4,mimoso do sul,ES,6681163e3dab91c549952b2845b20281,2017-07-18 09:23:10+00:00,2017-07-18 09:30:22 UTC,2017-07-21 16:13:08 UTC,2017-08-03 18:42:49+00:00,2017-08-15 00:00:00+00:00,7ca5f56188492e30c50ba64de188aae7,bed_bath_table,13.9,15.1,d2374cbcbb3ca4ab1086534108cc3ab7,credit_card,2,29,3,2017-08-04 00:00:00 UTC,2017-08-08 23:52:13 UTC,1
00082cbe03e478190aadbea78542e933,itapeva,SP,67503374d1fbcbe5e3a40324f703ffc8,2017-11-19 15:22:02+00:00,2017-11-21 03:52:24 UTC,2017-11-22 12:03:26 UTC,2017-11-29 21:55:29+00:00,2017-12-07 00:00:00+00:00,922ec0e0e2ca6416b4671198410cbf50,luggage_accessories,79,47.26,f25e239052084705e17a982bc600ab2a,boleto,1,126.26,5,2017-11-30 00:00:00 UTC,2017-12-03 01:08:41 UTC,1
00090324bbad0e9342388303bb71ba0a,campinas,SP,85bf8863657bff31006811d45d1c8db9,2018-03-24 14:44:41+00:00,2018-03-24 14:55:29 UTC,2018-03-27 10:08:48 UTC,2018-04-09 13:35:42+00:00,2018-04-17 00:00:00+00:00,f6fa93875f4a7dac03e0a22143f4d815,bed_bath_table,49.95,13.71,391fc6631aebcf3004804e51b40bcf1e,credit_card,3,63.66,5,2018-04-10 00:00:00 UTC,2018-04-10 22:17:54 UTC,1
000949456b182f53c18b68d6babc79c1,sao bernardo do campo,SP,d342d7bad292d68d41d58ffb594cf431,2018-04-23 09:55:46+00:00,2018-04-24 18:38:57 UTC,2018-04-24 18:32:41 UTC,2018-04-30 15:35:03+00:00,2018-05-15 00:00:00+00:00,16cc7a098d176187b6d8e9519fa81585,computers_accessories,64.89,17.16,5656537e588803a555b8eb41f07a944b,boleto,1,82.05,4,2018-05-01 00:00:00 UTC,2018-05-09 16:23:01 UTC,1
000a5ad9c4601d2bbdd9ed765d5213b3,porto alegre,RS,f7fa5cf8386e51037856df1add3e1228,2017-08-11 13:45:15+00:00,2017-08-11 14:04:05 UTC,2017-08-14 12:30:08 UTC,2017-08-22 20:57:57+00:00,2017-09-06 00:00:00+00:00,4660d9b4ae2a49dc7a5cac39499b204b,health_beauty,76.99,14.29,7ddcbb64b5bc1ef36ca8c151f6ec77df,credit_card,3,91.28,4,2017-08-23 00:00:00 UTC,2017-08-24 04:53:29 UTC,1
000bfa1d2f1a41876493be685390d6d3,santos,SP,fd61441ba2a7b57e6342862e779b10b0,2017-09-29 14:46:58+00:00,2017-09-29 15:04:28 UTC,2017-09-29 20:33:31 UTC,2017-10-13 13:50:07+00:00,2017-10-26 00:00:00+00:00,bb15f9ba2ec6e36ab6c9e88d17430d64,fashion_bags_accessories,35,11.85,b372ee768ed69e46ca8cdbd267aa7a38,credit_card,4,46.85,4,2017-10-14 00:00:00 UTC,2017-10-16 21:23:28 UTC,1
000bfa1d2f1a41876493be685390d6d3,santos,SP,fd61441ba2a7b57e6342862e779b10b0,2017-09-29 14:46:58+00:00,2017-09-29 15:04:28 UTC,2017-09-29 20:33:31 UTC,2017-10-13 13:50:07+00:00,2017-10-26 00:00:00+00:00,bb15f9ba2ec6e36ab6c9e88d17430d64,fashion_bags_accessories,35,11.85,b372ee768ed69e46ca8cdbd267aa7a38,credit_card,4,46.85,5,2017-10-04 00:00:00 UTC,2017-10-05 18:02:50 UTC,1
000c8bdb58a29e7115cfc257230fb21b,belo horizonte,MG,34801c59d6ec5c5e89bfefb6ebef314d,2017-12-12 22:53:35+00:00,2017-12-12 23:42:29 UTC,2017-12-15 14:04:54 UTC,2017-12-27 01:37:12+00:00,2018-01-05 00:00:00+00:00,f07dfd51b27ae763526ca43745920b7d,bed_bath_table,13.9,15.1,3771c85bac139d2344864ede5d9341e3,credit_card,2,29,5,2017-12-27 00:00:00 UTC,2017-12-29 21:09:21 UTC,1
000d460961d6dbfa3ec6c9f5805769e1,sao paulo,SP,5fd641e5e16c3b056b1fb4dd6e429c43,2018-01-07 22:59:25+00:00,2018-01-07 23:09:21 UTC,2018-01-10 20:17:19 UTC,2018-01-11 22:20:23+00:00,2018-01-24 00:00:00+00:00,53075a78fc601d6eb47e8ad2d142b7a8,telephony,28.9,7.78,ef506c96320abeedfb894c34db06f478,credit_card,1,36.68,5,2018-01-12 00:00:00 UTC,2018-01-15 00:38:22 UTC,1
000de6019bb59f34c099a907c151d855,sao sebastiao,SP,c6d61340bd8baeedca7cc8e7f7ec07e9,2017-08-17 19:10:33+00:00,2017-08-17 19:55:22 UTC,2017-08-18 14:13:07 UTC,2017-08-21 19:18:42+00:00,2017-09-06 00:00:00+00:00,9e572ff4654f7064419d97a891a8b0fc,bed_bath_table,139.9,17.33,da8622b14eb17ae2831f4ac5b9dab84a,credit_card,4,257.44,2,2017-08-22 00:00:00 UTC,2017-08-23 04:25:38 UTC,1
000de6019bb59f34c099a907c151d855,sao sebastiao,SP,c6d61340bd8baeedca7cc8e7f7ec07e9,2017-08-17 19:10:33+00:00,2017-08-17 19:55:22 UTC,2017-08-18 14:13:07 UTC,2017-08-21 19:18:42+00:00,2017-09-06 00:00:00+00:00,af0a917aec9cea3b353ece61a8825326,bed_bath_table,89.9,10.31,da8622b14eb17ae2831f4ac5b9dab84a,credit_card,4,257.44,2,2017-08-22 00:00:00 UTC,2017-08-23 04:25:38 UTC,1
000e309254ab1fc5ba99dd469d36bdb4,valparaiso de goias,GO,c5d3fae065a8090bae39f4f34b14cd06,2018-06-25 09:53:57+00:00,2018-06-25 10:14:04 UTC,2018-07-03 14:40:00 UTC,2018-07-09 23:04:31+00:00,2018-07-24 00:00:00+00:00,b73091f98b819cf7a339f74ece86aa4b,fashion_underwear_beach,59.9,18.52,a6fe7de3d16f6149ffe280349a8535a0,voucher,1,69.89,3,2018-07-10 00:00:00 UTC,2018-07-13 11:41:43 UTC,1
000e309254ab1fc5ba99dd469d36bdb4,valparaiso de goias,GO,c5d3fae065a8090bae39f4f34b14cd06,2018-06-25 09:53:57+00:00,2018-06-25 10:14:04 UTC,2018-07-03 14:40:00 UTC,2018-07-09 23:04:31+00:00,2018-07-24 00:00:00+00:00,b73091f98b819cf7a339f74ece86aa4b,fashion_underwear_beach,59.9,18.52,a6fe7de3d16f6149ffe280349a8535a0,credit_card,1,8.53,3,2018-07-10 00:00:00 UTC,2018-07-13 11:41:43 UTC,1
000ec5bff359e1c0ad76a81a45cb598f,salto de pirapora,SP,17e604bb550e265b46ebefe61430751b,2018-08-21 11:34:26+00:00,2018-08-21 11:50:53 UTC,2018-08-22 12:43:00 UTC,2018-08-27 13:11:40+00:00,2018-09-05 00:00:00+00:00,e9aa3fd3f316b44c85f671552a04fa4a,home_appliances,14.96,12.79,d91fb3b7d041e83b64a00a3edfb37e4f,boleto,1,27.75,5,2018-08-28 00:00:00 UTC,2018-08-30 21:24:14 UTC,1
000ed48ceeb6f4bf8ad021a10a3c7b43,sao paulo,SP,4b2626de72497770ddfa81a533f70c76,2018-05-20 16:26:06+00:00,2018-05-20 16:59:20 UTC,2018-05-21 17:35:00 UTC,2018-05-22 19:05:25+00:00,2018-05-30 00:00:00+00:00,d2f5484cbffe4ca766301b21ab9246dd,computers_accessories,12.88,7.87,36a968b544695394e4e9d7572688598f,credit_card,1,20.75,5,2018-05-23 00:00:00 UTC,2018-05-23 23:26:15 UTC,1
000fbf0473c10fc1ab6f8d2d286ce20c,indaiatuba,SP,87440e08790d85796f5b8bc9f5ed2707,2018-07-26 09:43:52+00:00,2018-07-27 02:05:20 UTC,2018-07-30 13:32:00 UTC,2018-08-03 16:04:33+00:00,2018-08-17 00:00:00+00:00,38021cef829efa264df6f9d21c4df6e9,musical_instruments,119.87,19.14,ce248b21cb2adc36282ede306b7660e5,boleto,1,362.38,5,2018-08-04 00:00:00 UTC,2018-08-06 19:36:23 UTC,1
000fbf0473c10fc1ab6f8d2d286ce20c,indaiatuba,SP,87440e08790d85796f5b8bc9f5ed2707,2018-07-26 09:43:52+00:00,2018-07-27 02:05:20 UTC,2018-07-30 13:32:00 UTC,2018-08-03 16:04:33+00:00,2018-08-17 00:00:00+00:00,d7a3cfa08519494aa1ad181e803617ec,toys,23.03,19.14,e53d5b9b29d1218281f4a907ada18626,boleto,1,362.38,5,2018-08-04 00:00:00 UTC,2018-08-06 19:36:23 UTC,1
000fbf0473c10fc1ab6f8d2d286ce20c,indaiatuba,SP,87440e08790d85796f5b8bc9f5ed2707,2018-07-26 09:43:52+00:00,2018-07-27 02:05:20 UTC,2018-07-30 13:32:00 UTC,2018-08-03 16:04:33+00:00,2018-08-17 00:00:00+00:00,d7a3cfa08519494aa1ad181e803617ec,toys,23.03,19.14,e53d5b9b29d1218281f4a907ada18626,boleto,1,362.38,5,2018-08-04 00:00:00 UTC,2018-08-06 19:36:23 UTC,1
000fbf0473c10fc1ab6f8d2d286ce20c,indaiatuba,SP,87440e08790d85796f5b8bc9f5ed2707,2018-07-26 09:43:52+00:00,2018-07-27 02:05:20 UTC,2018-07-30 13:32:00 UTC,2018-08-03 16:04:33+00:00,2018-08-17 00:00:00+00:00,38021cef829efa264df6f9d21c4df6e9,musical_instruments,119.87,19.14,ce248b21cb2adc36282ede306b7660e5,boleto,1,362.38,5,2018-08-04 00:00:00 UTC,2018-08-06 19:36:23 UTC,1
0010a452c6d13139e50b57f19f52e04e,taquara,RS,57caee5837cc4a8f605f3a83bff208db,2017-07-11 11:22:43+00:00,2017-07-11 11:30:28 UTC,2017-07-14 14:06:45 UTC,2017-07-26 10:44:33+00:00,2017-08-14 00:00:00+00:00,c7796bc610cc40ed7935b75fced0aa0e,home_confort,299,26.93,7dc8c42cc750eeafea6c85712ffee9bf,credit_card,10,325.93,1,2017-07-26 00:00:00 UTC,2017-07-27 02:27:51 UTC,1
0010fb34b966d44409382af9e8fd5b77,sao paulo,SP,1fc81b1074b61a259529663946b10a32,2018-03-05 17:08:53+00:00,2018-03-06 18:30:38 UTC,2018-03-08 12:28:59 UTC,2018-03-28 16:39:11+00:00,2018-03-26 00:00:00+00:00,9d32095f76b97762307e86cfc18dd7a0,bed_bath_table,49.95,11.85,391fc6631aebcf3004804e51b40bcf1e,credit_card,6,61.8,4,2018-03-29 00:00:00 UTC,2018-03-31 04:33:15 UTC,1
001147e649a7b1afd577e873841632dd,maringa,PR,533dbcda0a703be171113573af8b3467,2017-08-31 17:12:56+00:00,2017-08-31 17:25:15 UTC,2017-09-01 19:09:12 UTC,2017-09-08 19:54:28+00:00,2017-09-22 00:00:00+00:00,bdb4be6ce2f7f2b5be0a16088028c7fc,housewares,85,21.08,955fee9216a65b617aa5c0531780ce60,credit_card,1,212.16,4,2017-09-14 00:00:00 UTC,2017-09-15 12:01:51 UTC,1
001147e649a7b1afd577e873841632dd,maringa,PR,533dbcda0a703be171113573af8b3467,2017-08-31 17:12:56+00:00,2017-08-31 17:25:15 UTC,2017-09-01 19:09:12 UTC,2017-09-08 19:54:28+00:00,2017-09-22 00:00:00+00:00,bdb4be6ce2f7f2b5be0a16088028c7fc,housewares,85,21.08,955fee9216a65b617aa5c0531780ce60,credit_card,1,212.16,4,2017-09-14 00:00:00 UTC,2017-09-15 12:01:51 UTC,1
00115fc7123b5310cf6d3a3aa932699e,brasilia,DF,91d1bf2b7745903cb0d17162d1bbd750,2017-01-21 21:58:35+00:00,2017-01-21 22:10:13 UTC,2017-01-23 14:48:48 UTC,2017-02-01 21:57:36+00:00,2017-03-06 00:00:00+00:00,d8de812ed5d981fc6a3984f4caa2aa05,sports_leisure,59.99,16.12,54a1852d1b8f10312c55e906355666ee,credit_card,1,76.11,4,2017-02-02 00:00:00 UTC,2017-02-03 16:57:17 UTC,1
0011805441c0d1b68b48002f1d005526,goianesia do para,PA,fb5d8b462dc9570527eff204b8a1a57b,2017-04-24 13:36:48+00:00,2017-04-24 13:50:18 UTC,2017-04-27 12:35:22 UTC,2017-05-12 14:04:42+00:00,2017-05-25 00:00:00+00:00,02034d6c9c4814a08a3a0f5a6ad84332,computers_accessories,269,28.14,96493fab2fbb13a14d0c0e8772eef5c3,credit_card,10,297.14,3,2017-05-13 00:00:00 UTC,2017-05-14 09:27:57 UTC,1
0011857aff0e5871ce5eb429f21cdaf5,santo andre,SP,58d34816de3da57e9e07d7b34aced1b8,2017-06-28 11:08:38+00:00,2017-06-28 11:15:24 UTC,2017-06-30 10:18:13 UTC,2017-07-06 17:11:46+00:00,2017-07-26 00:00:00+00:00,79a564cca1924553af76d396bf7c0662,luggage_accessories,174.33,18.5,9d5a9018aee56acb367ba9c3f05d1d6a,credit_card,3,192.83,5,2017-07-07 00:00:00 UTC,2017-07-10 19:01:08 UTC,1
0011c98589159d6149979563c504cb21,campos altos,MG,3147d340c802cf04b463c4a5e532745d,2017-08-05 14:08:47+00:00,2017-08-05 14:23:39 UTC,2017-08-11 12:27:35 UTC,2017-08-16 17:09:14+00:00,2017-09-13 00:00:00+00:00,5c0826f946c32406d5baa79544668b4c,small_appliances,99.99,17.95,f9244d45189d3a3605499abddeade7d5,credit_card,5,117.94,5,2017-08-17 00:00:00 UTC,2017-08-28 20:45:39 UTC,1
0012929d977a8d7280bb277c1e5f589d,canoas,RS,569fce9b205731d6e0c9f31e9cabd8f5,2017-10-17 15:46:36+00:00,2017-10-19 03:40:44 UTC,2017-10-19 19:58:10 UTC,2017-10-24 18:56:03+00:00,2017-11-08 00:00:00+00:00,2fa5da96109ea94cc9fb50cc589ed65e,watches_gifts,129.9,25.75,86ccac0b835037332a596a33b6949ee1,boleto,1,155.65,1,2017-10-25 00:00:00 UTC,2017-10-25 14:14:19 UTC,1
0014a5a58da615f7b01a4f5e194bf5ea,sao paulo,SP,3eb5983ab1e64ba4a4dd7425a6d6d48b,2018-01-18 20:49:36+00:00,2018-01-18 20:56:22 UTC,2018-01-24 21:12:30 UTC,2018-01-26 22:38:37+00:00,2018-02-02 00:00:00+00:00,33fac76e7f17367dedaef7954bbb33b4,health_beauty,88,11.82,56642bcb79900e777d68e91915cb4267,credit_card,3,99.82,5,2018-01-27 00:00:00 UTC,2018-01-28 01:12:21 UTC,1
0015752e079902b12cd00b9b7596276b,sao paulo,SP,c97e64988f3d2b091838bb2815fc246b,2018-08-02 18:23:51+00:00,2018-08-02 19:30:40 UTC,2018-08-03 11:13:00 UTC,2018-08-06 15:49:20+00:00,2018-08-10 00:00:00+00:00,2b301a96f8ae692b3157360f621b658f,luggage_accessories,29.9,7.51,269c5fc9fcadee614364c3620c30a1f9,credit_card,3,74.82,5,2018-08-07 00:00:00 UTC,2018-08-14 16:37:33 UTC,1
0015752e079902b12cd00b9b7596276b,sao paulo,SP,c97e64988f3d2b091838bb2815fc246b,2018-08-02 18:23:51+00:00,2018-08-02 19:30:40 UTC,2018-08-03 11:13:00 UTC,2018-08-06 15:49:20+00:00,2018-08-10 00:00:00+00:00,2b301a96f8ae692b3157360f621b658f,luggage_accessories,29.9,7.51,269c5fc9fcadee614364c3620c30a1f9,credit_card,3,74.82,5,2018-08-07 00:00:00 UTC,2018-08-14 16:37:33 UTC,1
00172711b30d52eea8b313a7f2cced02,jequie,BA,bb874c45df1a3c97842d52f31efee99a,2018-07-28 00:23:49+00:00,2018-07-28 00:35:19 UTC,2018-07-31 15:57:00 UTC,2018-08-07 19:28:41+00:00,2018-08-22 00:00:00+00:00,8f71fe1e1b5bbb6773e7276b5c37ef65,stationery,74.5,47.57,95ec4458365c4d11f452ccf538377619,credit_card,2,122.07,4,2018-08-08 00:00:00 UTC,2018-08-10 11:39:37 UTC,1
00172711b30d52eea8b313a7f2cced02,jequie,BA,c306eca42d32507b970739b5b6a5a33a,2018-08-13 09:14:07+00:00,,,,2018-09-05 00:00:00+00:00,,unknown,,,,voucher,1,122.07,4,2018-08-08 00:00:00 UTC,2018-08-10 11:39:37 UTC,2
00191a9719ef48ebb5860b130347bf33,jarinu,SP,90a2ae3a8c450a4b8baba2fc8eb0fa59,2017-04-19 11:32:09+00:00,2017-04-19 11:45:07 UTC,2017-04-27 10:33:46 UTC,2017-05-04 14:33:58+00:00,2017-05-23 00:00:00+00:00,9fc98e39f04be8e382d8aa5e259f5489,bed_bath_table,47.9,10.96,d2374cbcbb3ca4ab1086534108cc3ab7,credit_card,2,58.86,3,2017-05-05 00:00:00 UTC,2017-05-06 14:45:14 UTC,1
001926cef41060fae572e2e7b30bd2a4,nova canaa do norte,MT,6fc8cd5f4cfbea0b694434a10475fd6f,2017-08-17 12:55:47+00:00,2017-08-18 13:05:17 UTC,2017-08-21 18:24:48 UTC,2017-08-25 20:57:36+00:00,2017-09-15 00:00:00+00:00,5d66715cc928aadd0074f61332698593,electronics,18.9,9.43,128639473a139ac0f3e5f5ade55873a5,credit_card,1,91.21,4,2017-08-26 00:00:00 UTC,2017-08-29 17:38:03 UTC,1
001926cef41060fae572e2e7b30bd2a4,nova canaa do norte,MT,6fc8cd5f4cfbea0b694434a10475fd6f,2017-08-17 12:55:47+00:00,2017-08-18 13:05:17 UTC,2017-08-21 18:24:48 UTC,2017-08-25 20:57:36+00:00,2017-09-15 00:00:00+00:00,8c4851c8c9bb79e51a0f3c16cb499cd7,computers_accessories,29.89,32.99,5656537e588803a555b8eb41f07a944b,credit_card,1,91.21,4,2017-08-26 00:00:00 UTC,2017-08-29 17:38:03 UTC,1
001928b561575b2821c92254a2327d06,sao paulo,SP,aa14b8f4567fef1be1a8912ca010f1c7,2018-08-24 21:17:00+00:00,2018-08-24 21:30:16 UTC,2018-08-27 12:43:00 UTC,2018-08-30 21:32:40+00:00,2018-09-10 00:00:00+00:00,6f58f28210b611d0907de2b23c2e78a9,bed_bath_table,26.99,2.54,1835b56ce799e6a4dc4eddc053f04066,credit_card,6,164.81,2,2018-08-31 00:00:00 UTC,2018-09-03 09:18:51 UTC,1
001928b561575b2821c92254a2327d06,sao paulo,SP,aa14b8f4567fef1be1a8912ca010f1c7,2018-08-24 21:17:00+00:00,2018-08-24 21:30:16 UTC,2018-08-27 12:43:00 UTC,2018-08-30 21:32:40+00:00,2018-09-10 00:00:00+00:00,653db51f38df09a30a8f25e7933050fc,furniture_living_room,109.9,25.38,4c8b8048e33af2bf94f2eb547746a916,credit_card,6,164.81,2,2018-08-31 00:00:00 UTC,2018-09-03 09:18:51 UTC,1
00196c4c9a3af7dd2ad10eade69c926f,vinhedo,SP,1d88068495a8986f241f769664ac98de,2018-07-28 09:29:12+00:00,2018-07-31 06:35:18 UTC,2018-08-09 14:41:00 UTC,2018-08-13 21:54:25+00:00,2018-08-21 00:00:00+00:00,18b0e642cbae7251e60a64aa07dd9eb9,computers_accessories,22.32,15.26,85d9eb9ddc5d00ca9336a2219c97bb13,boleto,1,37.58,5,2018-08-14 00:00:00 UTC,2018-08-17 23:33:37 UTC,1
00196fdb2bf9edfc35e88ebfbcf8d781,canoas,RS,3e83ca3523a68abaf07131a5ecab7319,2018-02-22 19:06:44+00:00,2018-02-22 19:15:34 UTC,2018-02-23 22:41:35 UTC,2018-03-22 22:09:01+00:00,2018-03-21 00:00:00+00:00,9bfadd7644ba1f2c902fe81420c53b46,electronics,12.9,14.1,8b321bb669392f5163d04c59e235e066,credit_card,1,27,3,2018-03-23 00:00:00 UTC,2018-03-23 04:00:27 UTC,1
0019da6aa6bcb27cc32f1249bd12da05,limeira,SP,792aa3f0da2e24c9df178369950f2d13,2018-02-11 00:55:30+00:00,2018-02-11 01:55:20 UTC,2018-02-14 23:42:27 UTC,2018-02-16 13:48:37+00:00,2018-02-26 00:00:00+00:00,4a0356df7b44fc692a2dbd9c5a67a1da,housewares,79.9,7.81,0432ead42b6c8a0bdf68154add917fdf,credit_card,1,87.71,1,2018-02-17 00:00:00 UTC,2018-02-17 19:37:49 UTC,1
0019e8c501c85848ac0966d45226fa1d,cuiaba,MT,18bb4acb90913593d37049c601660009,2018-05-01 09:25:32+00:00,2018-05-01 09:56:57 UTC,2018-05-07 15:12:00 UTC,2018-05-18 21:34:38+00:00,2018-06-07 00:00:00+00:00,1dfb36d969d347f56f43590ec42c7b8c,sports_leisure,159.99,37.28,7f152321c60a266edc53af1925ef96c1,credit_card,2,197.27,5,2018-05-19 00:00:00 UTC,2018-05-20 11:42:52 UTC,1
001a2bf0e46c684031af91fb2bce149d,sao paulo,SP,b46c295d27c87441788cfd92b75b1a3d,2017-06-29 22:43:49+00:00,2017-06-29 22:55:11 UTC,2017-06-30 14:41:37 UTC,2017-07-03 08:26:40+00:00,2017-07-21 00:00:00+00:00,aa96d291abe7cd0000c25e34bc8ed316,housewares,24.88,11.85,8b28d096634035667e8263d57ba3368c,credit_card,1,36.73,4,2017-07-04 00:00:00 UTC,2017-07-06 18:45:55 UTC,1
001a34eb30ecb8e3aacb07c475ca4dd1,sao paulo,SP,279b9a9df2c05138cfda068bb1e0143d,2018-07-11 19:49:54+00:00,2018-07-11 20:06:12 UTC,2018-07-12 11:58:00 UTC,2018-07-13 17:59:35+00:00,2018-07-19 00:00:00+00:00,74c5ce32712cad35780e4da885dff757,housewares,151.9,9.81,ea65d8b58316a6f2362f2a9e4b3e86ad,credit_card,1,161.71,5,2018-07-14 00:00:00 UTC,2018-07-15 02:13:40 UTC,1
001a3a8e11d76c9a366c31a4aa2cc529,porto alegre,RS,5a082b558a3798d3e36d93bfa8ca1eae,2018-05-21 01:24:25+00:00,2018-05-21 01:37:54 UTC,2018-05-21 14:31:00 UTC,2018-06-07 17:16:41+00:00,2018-06-14 00:00:00+00:00,a76d6212f99d1253fb7bcfe02ce87d8a,electronics,9,15.23,8b321bb669392f5163d04c59e235e066,credit_card,1,24.23,5,2018-06-08 00:00:00 UTC,2018-06-10 06:32:55 UTC,1
001ae44fa04911a9e9577356dce6c63c,sao caetano do sul,SP,a59ef0abffbef8ddaae23600b6ee6604,2017-11-06 17:35:49+00:00,2017-11-07 06:31:44 UTC,2017-11-07 18:57:39 UTC,,2017-11-24 00:00:00+00:00,39d4f8671e6c7b08d7d0036f4f46390f,pet_shop,99.9,16.33,232a6014e7b10cba61c6c2b2ea6bb4b0,boleto,1,116.23,,,,1
001ae5a1788703d64536c30362503e49,volta redonda,RJ,0247aa98317f60908e99f44e7a2a4896,2017-12-08 11:32:44+00:00,2017-12-09 02:37:23 UTC,2017-12-11 16:38:52 UTC,2018-01-08 23:13:13+00:00,2018-01-08 00:00:00+00:00,c4baedd846ed09b85f78a781b522f126,garden_tools,89.99,45.09,a1043bafd471dff536d0c462352beb48,boleto,1,135.08,5,2018-01-09 00:00:00 UTC,2018-01-10 11:01:40 UTC,1
001deb796b28a3a128d6113857569aa4,rio de janeiro,RJ,bc444369eaecdac2463e2551eff32463,2018-06-22 16:07:29+00:00,2018-06-23 15:15:54 UTC,2018-06-26 13:30:00 UTC,2018-07-03 22:28:05+00:00,2018-08-08 00:00:00+00:00,acdf5181c8a73074065f3a2faed9530f,housewares,39.9,23.43,9c54608f0996c32ae4743089d915f845,credit_card,6,63.33,4,2018-07-04 00:00:00 UTC,2018-07-05 10:11:11 UTC,1
001f3c4211216384d5fe59b041ce1461,sao paulo,SP,7845d9a1a3d511b756a5c2c2352ba770,2017-03-19 18:34:36+00:00,2017-03-19 18:34:36 UTC,2017-03-21 17:28:28 UTC,2017-03-30 07:41:35+00:00,2017-04-10 00:00:00+00:00,aa96d291abe7cd0000c25e34bc8ed316,housewares,24.88,10.96,8b28d096634035667e8263d57ba3368c,credit_card,3,35.84,3,2017-03-31 00:00:00 UTC,2017-03-31 23:11:28 UTC,1
002043098f10ba39a4600b6c52fbfe3c,aracaju,SE,4c5fb984844ad48dc34f8acf42eb0eda,2017-03-26 16:45:59+00:00,2017-03-26 17:02:14 UTC,2017-04-05 16:54:52 UTC,2017-04-19 09:39:03+00:00,2017-05-05 00:00:00+00:00,331e79a28ee5afbb321a3146653085f2,office_furniture,176.99,60.82,7c67e1448b00f6e969d365cea6b010ab,credit_card,4,237.81,4,2017-04-20 00:00:00 UTC,2017-04-21 02:57:05 UTC,1
002311514717ca8b65b09a26cdf7b91a,guarulhos,SP,9256fda5584ec43f6212f63bdf17b2ec,2018-06-27 11:34:34+00:00,2018-06-27 11:57:21 UTC,2018-06-27 11:56:00 UTC,2018-06-28 18:26:27+00:00,2018-07-16 00:00:00+00:00,36c554eb2e204a1db6000ed146c9fbde,auto,116.25,8.07,73b8eb4a9a729d4019b24ed1be748cbf,credit_card,2,124.32,5,2018-06-29 00:00:00 UTC,2018-07-03 11:00:08 UTC,1
0023557a94bef0038066b5d1b3dc763e,potirendaba,SP,e91130c6fc7b9ad7646ba8260477bd66,2018-03-28 19:53:14+00:00,2018-03-28 20:07:42 UTC,2018-04-12 23:06:44 UTC,2018-04-18 20:15:45+00:00,2018-04-25 00:00:00+00:00,03973c875a4653e663aede2c46a957f6,auto,89.9,17.54,cee48807215b30a12ca2ca10ffb5f250,credit_card,2,107.44,3,2018-04-27 00:00:00 UTC,2018-04-29 16:41:11 UTC,1
002471155ecd08d208d1376720e2a907,itajai,SC,f9e6499752da6fc8ae3b440055370d8f,2018-08-08 20:36:30+00:00,2018-08-08 20:50:06 UTC,2018-08-09 16:41:00 UTC,2018-08-16 19:41:33+00:00,2018-08-27 00:00:00+00:00,11dcc970f7a5581e1bf777b6da3f7096,housewares,68.9,23.28,06579cb253ecd5a3a12a9e6eb6bf8f47,credit_card,3,92.18,5,2018-08-17 00:00:00 UTC,2018-08-19 23:57:21 UTC,1
00256bf7b05c08f6a5849df3d0a64f1f,sao paulo,SP,9486c11941b06fdf44a70c74c0d03ed3,2018-06-01 17:41:18+00:00,2018-06-01 17:55:19 UTC,2018-06-04 13:16:00 UTC,2018-06-11 15:56:55+00:00,2018-07-18 00:00:00+00:00,1533438056d9a9bcb1295afd304e36df,furniture_decor,39.5,18.23,1ce3ae5a399804d1a87e706f8a813c3e,credit_card,1,57.73,3,2018-06-12 00:00:00 UTC,2018-06-12 18:27:23 UTC,1
0025795df7a7d077c4c90162fa820085,sao paulo,SP,dc9b66f791e6bc0d3a44e2c513a1d117,2018-07-24 11:09:11+00:00,2018-07-25 08:05:12 UTC,2018-07-25 14:29:00 UTC,2018-07-27 12:32:19+00:00,2018-08-14 00:00:00+00:00,68bf40b3abd5ffc25981c25df9ed9087,stationery,79,34.79,3d871de0142ce09b7081e2b9d1733cb1,credit_card,3,214.08,1,2018-07-28 00:00:00 UTC,2018-07-30 15:48:55 UTC,1
0025795df7a7d077c4c90162fa820085,sao paulo,SP,dc9b66f791e6bc0d3a44e2c513a1d117,2018-07-24 11:09:11+00:00,2018-07-25 08:05:12 UTC,2018-07-25 14:29:00 UTC,2018-07-27 12:32:19+00:00,2018-08-14 00:00:00+00:00,5c2bb11cf2149bd4d9fffcc1246458c3,stationery,98.9,1.39,dbc22125167c298ef99da25668e1011f,credit_card,3,214.08,1,2018-07-28 00:00:00 UTC,2018-07-30 15:48:55 UTC,1
0027324a96d26a2bc7d69262f83c8403,sao jose dos campos,SP,07357a6641ec997dc95d17a571f9ce5f,2018-03-25 11:51:37+00:00,2018-03-26 11:47:40 UTC,2018-03-27 18:26:44 UTC,2018-03-28 19:44:32+00:00,2018-04-06 00:00:00+00:00,27a7e832bcfcd69ff687d611c3e79cbd,perfumery,37.9,8.88,d57e18d5f73c7ccb7f7339b61166898d,credit_card,2,46.78,5,2018-03-29 00:00:00 UTC,2018-03-29 09:16:01 UTC,1
0028a7d8db7b0247652509358ad8d755,valinhos,SP,75e6b640cd630f2a1b0250fadc68da12,2017-12-13 15:49:39+00:00,2017-12-13 15:56:29 UTC,2017-12-15 21:23:27 UTC,2018-01-05 18:53:26+00:00,2018-01-11 00:00:00+00:00,f4d450a6163f21cf9db8bcdf8c7e50f8,office_furniture,274,80.87,67bf6941ba2f1fa1d02c375766bc3e53,voucher,1,293.54,3,2018-01-06 00:00:00 UTC,2018-01-07 01:57:07 UTC,1
0028a7d8db7b0247652509358ad8d755,valinhos,SP,75e6b640cd630f2a1b0250fadc68da12,2017-12-13 15:49:39+00:00,2017-12-13 15:56:29 UTC,2017-12-15 21:23:27 UTC,2018-01-05 18:53:26+00:00,2018-01-11 00:00:00+00:00,f4d450a6163f21cf9db8bcdf8c7e50f8,office_furniture,274,80.87,67bf6941ba2f1fa1d02c375766bc3e53,credit_card,1,61.33,3,2018-01-06 00:00:00 UTC,2018-01-07 01:57:07 UTC,1
0028cfeb9dfcd3628a56d5b6400deef5,serrana,SP,1f92ee0cb5a486074e52ffcecaa1dbd0,2018-01-07 00:12:45+00:00,2018-01-09 07:17:42 UTC,2018-01-09 18:07:39 UTC,2018-01-16 18:46:40+00:00,2018-01-31 00:00:00+00:00,7b44e5ea770ef06810f5df89006cc8b2,electronics,95.9,22.3,c003204e1ab016dfa150abc119207b24,boleto,1,118.2,5,2018-01-17 00:00:00 UTC,2018-01-18 08:26:50 UTC,1
00293787e2aec37a9c253b63fdfe2049,rio de janeiro,RJ,26967c9a40c842f7e0067b4ef5489082,2017-10-27 14:25:35+00:00,2017-10-27 16:31:27 UTC,2017-10-27 21:51:13 UTC,2017-11-08 18:57:24+00:00,2017-11-16 00:00:00+00:00,b84c4c7f1845f068f40e350865b803fa,health_beauty,118.9,10.04,01fdefa7697d26ad920e9e0346d4bd1b,boleto,1,257.87,3,2017-11-09 00:00:00 UTC,2017-11-10 22:14:53 UTC,1
00293787e2aec37a9c253b63fdfe2049,rio de janeiro,RJ,26967c9a40c842f7e0067b4ef5489082,2017-10-27 14:25:35+00:00,2017-10-27 16:31:27 UTC,2017-10-27 21:51:13 UTC,2017-11-08 18:57:24+00:00,2017-11-16 00:00:00+00:00,b84c4c7f1845f068f40e350865b803fa,health_beauty,118.9,10.04,01fdefa7697d26ad920e9e0346d4bd1b,boleto,1,257.87,3,2017-11-09 00:00:00 UTC,2017-11-10 22:14:53 UTC,1
0029bd580d3012618731f5abb174a07f,sao paulo,SP,7a43bbe9766ce937332b6f9dcba36715,2017-11-02 13:24:21+00:00,2017-11-04 04:25:14 UTC,2017-11-09 19:21:47 UTC,,2017-11-16 00:00:00+00:00,827c4a77226a3e7ef259d61eaa775df9,furniture_decor,39.9,12.48,b14db04aa7881970e83ffa9426897925,boleto,1,52.38,2,2017-11-19 00:00:00 UTC,2017-11-21 10:03:21 UTC,1
002aba8c1af80acacef6e011f9f23262,mangaratiba,RJ,f407e662a10a7864e42c33fdc559ff0a,2018-02-27 12:47:48+00:00,2018-02-28 12:48:37 UTC,2018-03-02 16:51:44 UTC,2018-04-26 19:24:34+00:00,2018-03-28 00:00:00+00:00,782d995a1fa812332e893151d983f902,construction_tools_construction,199.9,17.84,0b35c634521043bf4b47e21547b99ab5,credit_card,3,217.74,1,2018-03-30 00:00:00 UTC,2018-03-31 19:44:55 UTC,1
002ae492472e45ad6ebeb7a625409392,brasilia,DF,3ef9cbaa0a848de9dd30b1953d31a730,2017-10-08 23:56:02+00:00,2017-10-10 00:14:20 UTC,2017-10-17 16:53:49 UTC,2017-10-20 19:04:09+00:00,2017-11-03 00:00:00+00:00,7c1bd920dbdf22470b68bde975dd3ccf,health_beauty,58.99,62.55,cc419e0650a3c5ba77189a1882b7556a,credit_card,4,218.66,3,2017-10-21 00:00:00 UTC,2017-10-21 21:37:35 UTC,1
002ae492472e45ad6ebeb7a625409392,brasilia,DF,3ef9cbaa0a848de9dd30b1953d31a730,2017-10-08 23:56:02+00:00,2017-10-10 00:14:20 UTC,2017-10-17 16:53:49 UTC,2017-10-20 19:04:09+00:00,2017-11-03 00:00:00+00:00,03566b85189259c49476f004ad2afd08,health_beauty,44.99,52.13,cc419e0650a3c5ba77189a1882b7556a,credit_card,4,218.66,3,2017-10-21 00:00:00 UTC,2017-10-21 21:37:35 UTC,1
002b4cd83fabaffaa475f78ea5ef3e08,sao sebastiao do paraiso,MG,22bf3dde4d90667a74118fad0041bfd5,2017-02-01 13:53:16+00:00,2017-02-01 14:05:16 UTC,2017-02-02 14:26:38 UTC,2017-02-10 09:32:53+00:00,2017-03-10 00:00:00+00:00,87283a98b24f9f1ac3a31b631073cf47,fashion_bags_accessories,49.9,14.52,cab85505710c7cb9b720bceb52b01cee,credit_card,1,64.42,2,2017-02-14 00:00:00 UTC,2017-02-14 10:00:51 UTC,1
002bdeb33da5b1b3ce8b9c822f749c82,palhoca,SC,33333d8eea2fd73fef836145d8e725ea,2017-12-05 19:04:42+00:00,2017-12-05 19:30:50 UTC,2017-12-07 23:09:22 UTC,2017-12-14 15:58:52+00:00,2018-01-09 00:00:00+00:00,154e7e31ebfa092203795c972e5804a6,health_beauty,23.99,14.1,cc419e0650a3c5ba77189a1882b7556a,credit_card,1,38.09,5,2017-12-15 00:00:00 UTC,2017-12-18 16:02:56 UTC,1
002cdf87d4c03f08f7eb4551a923affc,hortolandia,SP,952da942e2586c7131de1381aba049a3,2017-10-31 17:32:22+00:00,2017-10-31 18:31:10 UTC,2017-11-14 21:19:02 UTC,2017-11-30 20:03:57+00:00,2017-11-16 00:00:00+00:00,8ed094bfe076c568f6bb10feada3f75d,office_furniture,196.99,31.68,7c67e1448b00f6e969d365cea6b010ab,credit_card,10,228.67,1,2017-11-18 00:00:00 UTC,2017-11-18 16:40:47 UTC,1
002d3bd901608f67c3fc11eaaa842b13,santo andre,SP,34d14e4938fbe164df32fbf18b181497,2018-01-15 18:39:36+00:00,2018-01-17 03:36:33 UTC,2018-01-19 19:15:24 UTC,2018-01-22 14:41:32+00:00,2018-01-30 00:00:00+00:00,211293b50935ced8d4370f552c482d74,drinks,19.49,9.27,e9779976487b77c6d4ac45f75ec7afe9,boleto,1,28.76,4,2018-01-23 00:00:00 UTC,2018-01-23 17:35:41 UTC,1
002d71b244beb91ca7030b15ab526446,santa cruz do rio pardo,SP,b14a8291157869f3d51b2d24c96d2da7,2017-05-22 22:24:51+00:00,2017-05-24 03:10:27 UTC,2017-05-24 13:48:53 UTC,2017-06-01 14:58:01+00:00,2017-06-13 00:00:00+00:00,f35927953ed82e19d06ad3aac2f06353,books_general_interest,115,15.56,669ae81880e08f269a64487cfb287169,boleto,1,130.56,5,2017-06-02 00:00:00 UTC,2017-06-03 00:36:58 UTC,1
002da6dde369f6a8b4c999ed61eb5a87,sao paulo,SP,cf8ace9395d2ee06b4b513df8ba682b3,2018-04-12 11:03:44+00:00,2018-04-12 11:31:48 UTC,2018-04-12 21:52:28 UTC,2018-04-13 21:57:48+00:00,2018-04-27 00:00:00+00:00,8b50a72d52d7a91fb19d19fbe069e2f2,housewares,44.99,7.39,9f505651f4a6abe901a56cdc21508025,credit_card,1,52.38,5,2018-04-14 00:00:00 UTC,2018-04-17 10:41:19 UTC,1
002eb8b96288f3804e21d2777ac29895,betim,MG,e1b7512618fd9b1dc5bba0cfe3a7aee4,2017-07-22 13:24:06+00:00,2017-07-22 13:35:17 UTC,2017-07-26 15:33:59 UTC,2017-08-03 22:17:34+00:00,2017-08-15 00:00:00+00:00,187e7d92b8168c3661824809d0c5dffb,health_beauty,119.9,18.09,431af27f296bc6519d890aa5a05fdb11,credit_card,6,137.99,5,2017-08-04 00:00:00 UTC,2017-08-07 08:28:32 UTC,1
002ed12115742033f015cb3c269ccf68,santo andre,SP,565f70f153b3d8a2684d6808ba284de7,2018-01-30 13:50:27+00:00,2018-01-30 14:15:19 UTC,2018-01-30 23:41:34 UTC,2018-02-01 22:32:50+00:00,2018-02-15 00:00:00+00:00,93c902b021a9e594f658ab1b0351602a,electronics,97.9,11.89,2e90cb1677d35cfe24eef47d441b7c87,credit_card,3,109.79,5,2018-02-02 00:00:00 UTC,2018-02-07 13:04:56 UTC,1
002ef00822613c94613e60e03b169fef,pitanga,PR,b525c6d19f79d13ff968c544e517bafe,2018-02-14 20:56:34+00:00,2018-02-15 21:31:53 UTC,2018-02-16 19:25:07 UTC,2018-02-23 19:22:41+00:00,2018-03-13 00:00:00+00:00,64fb265487de2238627ce43fe8a67efc,bed_bath_table,92.9,21.14,4a3ca9315b744ce9f8e9374361493884,credit_card,6,114.04,4,2018-02-24 00:00:00 UTC,2018-02-25 23:34:09 UTC,1
002feefec5af0a3b26ee7839c66d205e,rio de janeiro,RJ,828c3114b783f896fba059433600c471,2017-10-29 12:19:51+00:00,2017-10-29 13:55:15 UTC,2017-11-01 22:34:33 UTC,2017-12-01 16:17:35+00:00,2017-11-21 00:00:00+00:00,368c6c730842d78016ad823897a372db,garden_tools,59.9,17.67,1f50f920176fa81dab994f9023523100,credit_card,1,77.57,1,2017-11-23 00:00:00 UTC,2017-11-27 02:57:21 UTC,1
003035f5ec76f2220098377482de93c9,divinopolis,MG,0903e0b7f189735c47cae28e5e5766f5,2017-08-28 21:35:08+00:00,2017-08-28 21:45:37 UTC,2017-08-29 15:50:09 UTC,2017-09-04 19:09:40+00:00,2017-09-15 00:00:00+00:00,f03859e4cc21018569f5ae7a03897ff4,consoles_games,49.99,12.48,7299e27ed73d2ad986de7f7c77d919fa,credit_card,3,62.47,5,2017-09-05 00:00:00 UTC,2017-09-06 04:01:06 UTC,1
003162bf0351f47a1a247992b8b9b42d,serra,ES,5c0020b504a0fe54c58f9135380f6e6d,2018-07-14 15:45:27+00:00,2018-07-14 15:55:16 UTC,2018-07-16 15:24:00 UTC,2018-07-23 18:16:32+00:00,2018-08-02 00:00:00+00:00,310b40ec41fbfc061e5309006482e68a,books_general_interest,514.9,21.7,527801b552d0077ffd170872eb49683b,credit_card,10,536.6,5,2018-07-24 00:00:00 UTC,2018-07-27 20:33:33 UTC,1
00324c9f4d710e7bac5c5ba679714430,paraiso do tocantins,TO,1405c563a488ba7869c598deec085886,2017-06-21 20:40:38+00:00,2017-06-21 20:55:11 UTC,2017-06-23 11:52:19 UTC,2017-07-04 15:47:22+00:00,2017-07-21 00:00:00+00:00,a3e5b0b8f8e66aba2fe28eb565d3ac97,housewares,29.9,79.88,8b28d096634035667e8263d57ba3368c,credit_card,7,78.05,5,2017-07-05 00:00:00 UTC,2017-07-12 20:24:13 UTC,1
00324c9f4d710e7bac5c5ba679714430,paraiso do tocantins,TO,1405c563a488ba7869c598deec085886,2017-06-21 20:40:38+00:00,2017-06-21 20:55:11 UTC,2017-06-23 11:52:19 UTC,2017-07-04 15:47:22+00:00,2017-07-21 00:00:00+00:00,a3e5b0b8f8e66aba2fe28eb565d3ac97,housewares,29.9,79.88,8b28d096634035667e8263d57ba3368c,voucher,1,31.73,5,2017-07-05 00:00:00 UTC,2017-07-12 20:24:13 UTC,1
0032c76b20340da25249092a268ce66c,charqueada,SP,59fa27082bb77c5dbd8a6568f3b34380,2016-10-06 11:32:00+00:00,2016-10-06 16:05:17 UTC,2016-10-30 14:37:41 UTC,2016-11-01 15:04:41+00:00,2016-11-28 00:00:00+00:00,4e0946aebc8e1d7521219ec1e7380aed,toys,128.9,16.04,817f85dbb65aa3e70831d90fe75cdf89,credit_card,1,144.94,4,2016-11-02 00:00:00 UTC,2016-11-03 16:26:46 UTC,1
0032ca69771a7758ce643258bb9e4ac7,sao paulo,SP,7073be83c3247747c26a69d5a689edbf,2018-07-16 15:32:50+00:00,2018-07-16 15:45:17 UTC,2018-07-20 15:50:00 UTC,2018-07-23 12:41:23+00:00,2018-08-01 00:00:00+00:00,69fb24f0cd077f460768e66b89c3565e,furniture_living_room,45,17.45,5b0cc932433fa5184b5b94bfe6bcc256,credit_card,2,62.45,5,2018-07-24 00:00:00 UTC,2018-07-26 16:16:34 UTC,1
0033f4a2887e07e25aa1204d482f41ba,salvador,BA,c08a3a0b0a729cc378e7a36ebf5e9a95,2018-06-26 01:07:23+00:00,2018-06-27 08:12:02 UTC,2018-06-27 11:31:00 UTC,2018-07-06 18:07:46+00:00,2018-07-24 00:00:00+00:00,4ae6bbbe40edd8689f356e7d822c6dd3,cool_stuff,350,75.04,ffa6adafb71b807dc13159e26431354c,boleto,1,425.04,5,2018-07-07 00:00:00 UTC,2018-07-07 21:25:39 UTC,1
00344274804f3b8003de1b0562ae01df,afranio,PE,29987cf19684b333665b685a76f8dd8e,2018-07-09 14:09:25+00:00,2018-07-09 14:24:50 UTC,2018-07-10 13:45:00 UTC,2018-07-23 17:12:41+00:00,2018-08-03 00:00:00+00:00,8c292ca193d326152e335d77176746f0,health_beauty,188,38.23,7e1fb0a3ebfb01ffb3a7dae98bf3238d,credit_card,5,226.23,3,2018-07-24 00:00:00 UTC,2018-07-26 13:03:11 UTC,1
0034c76b7e6a17d738375b99afc2f01e,paraisopolis,MG,6b58f3523e45f9838f702acbc21e2f51,2018-05-07 16:17:00+00:00,2018-05-07 17:56:22 UTC,2018-05-08 13:54:00 UTC,2018-05-15 17:48:45+00:00,2018-05-28 00:00:00+00:00,8275ff8af7dedbf142a446d74d0c5daf,home_appliances,26,18.23,d91fb3b7d041e83b64a00a3edfb37e4f,credit_card,1,44.23,5,2018-05-16 00:00:00 UTC,2018-05-20 21:42:16 UTC,1
0035029989e6fc5cf030918a5f9f2037,sao paulo,SP,7828e49a0881db0def748546e4b2c8dc,2018-05-12 14:28:16+00:00,2018-05-12 14:51:29 UTC,2018-05-14 13:00:00 UTC,2018-05-17 19:58:29+00:00,2018-05-29 00:00:00+00:00,fb1e2262cc73f7ab23c5dc5cf8d78693,luggage_accessories,219,54.06,2a84855fd20af891be03bc5924d2b453,credit_card,1,546.12,5,2018-05-18 00:00:00 UTC,2018-05-20 20:22:32 UTC,1
0035029989e6fc5cf030918a5f9f2037,sao paulo,SP,7828e49a0881db0def748546e4b2c8dc,2018-05-12 14:28:16+00:00,2018-05-12 14:51:29 UTC,2018-05-14 13:00:00 UTC,2018-05-17 19:58:29+00:00,2018-05-29 00:00:00+00:00,fb1e2262cc73f7ab23c5dc5cf8d78693,luggage_accessories,219,54.06,2a84855fd20af891be03bc5924d2b453,credit_card,1,546.12,5,2018-05-18 00:00:00 UTC,2018-05-20 20:22:32 UTC,1
003650b504826ea534e02eba0ab58dd5,sao paulo,SP,4bd1099b6061705c9dc280f3f0c4324a,2018-01-17 12:03:01+00:00,2018-01-17 12:12:21 UTC,2018-01-17 19:37:08 UTC,2018-01-19 22:28:52+00:00,2018-02-01 00:00:00+00:00,44291e25afe160dfe5f844da1b0f8b15,perfumery,13.99,7.78,3c7c4a49ec3c6550809089c6a2ca9370,credit_card,2,21.77,4,2018-01-20 00:00:00 UTC,2018-01-21 01:06:56 UTC,1
